{"cameraMode":{"drawMode":0,"name":"Shaded","section":"Shading Mode"},"sceneLighting":true,"audioPlay":false,"sceneViewState":{"showFog":true,"showMaterialUpdate":false,"showSkybox":true,"showFlares":true,"showImageEffects":true,"showParticleSystems":true,"showVisualEffectGraphs":true,"m_FxEnabled":true},"in2DMode":false,"pivot":{"x":0.10042470693588257,"y":2.515294313430786,"z":-0.10079216957092285},"rotation":{"x":-0.024456048384308816,"y":0.9752697348594666,"z":-0.1672193855047226,"w":-0.14260908961296082},"size":1.70851469039917,"orthographic":false}