{"cameraMode":{"drawMode":0,"name":"Shaded","section":"Shading Mode"},"sceneLighting":true,"audioPlay":false,"sceneViewState":{"showFog":true,"showMaterialUpdate":false,"showSkybox":true,"showFlares":true,"showImageEffects":true,"showParticleSystems":true,"showVisualEffectGraphs":true,"m_FxEnabled":true},"in2DMode":false,"pivot":{"x":1.3451420068740845,"y":1.8836501836776734,"z":-4.360498428344727},"rotation":{"x":-0.00000398594875150593,"y":-0.9999912977218628,"z":-0.001190737821161747,"w":0.0032879288773983719},"size":3.7895658016204836,"orthographic":false}