{"cameraMode":{"drawMode":0,"name":"Shaded","section":"Shading Mode"},"sceneLighting":true,"audioPlay":false,"sceneViewState":{"showFog":true,"showMaterialUpdate":false,"showSkybox":true,"showFlares":true,"showImageEffects":true,"showParticleSystems":true,"showVisualEffectGraphs":true,"m_FxEnabled":true},"in2DMode":false,"pivot":{"x":0.650586724281311,"y":1.7876238822937012,"z":0.35275939106941225},"rotation":{"x":0.0027603779453784229,"y":-0.9929129481315613,"z":-0.02352701872587204,"w":-0.11641335487365723},"size":1.1668083667755128,"orthographic":false}