{"cameraMode":{"drawMode":0,"name":"Shaded","section":"Shading Mode"},"sceneLighting":true,"audioPlay":false,"sceneViewState":{"showFog":true,"showMaterialUpdate":false,"showSkybox":true,"showFlares":true,"showImageEffects":true,"showParticleSystems":true,"showVisualEffectGraphs":true,"m_FxEnabled":true},"in2DMode":false,"pivot":{"x":1.0125949382781983,"y":1.465912103652954,"z":0.42442750930786135},"rotation":{"x":-0.0001421711640432477,"y":0.9997808933258057,"z":-0.01980823092162609,"w":-0.007195685524493456},"size":5.543200969696045,"orthographic":false}