{"cameraMode":{"drawMode":0,"name":"Shaded","section":"Shading Mode"},"sceneLighting":true,"audioPlay":false,"sceneViewState":{"showFog":true,"showMaterialUpdate":false,"showSkybox":true,"showFlares":true,"showImageEffects":true,"showParticleSystems":true,"showVisualEffectGraphs":true,"m_FxEnabled":true},"in2DMode":false,"pivot":{"x":-0.8704206943511963,"y":-0.15017008781433106,"z":-3.3467063903808595},"rotation":{"x":0.0283072330057621,"y":-0.9675379395484924,"z":0.21718309819698335,"w":0.1261064112186432},"size":3.9809939861297609,"orthographic":false}