{"cameraMode":{"drawMode":0,"name":"Shaded","section":"Shading Mode"},"sceneLighting":true,"audioPlay":false,"sceneViewState":{"showFog":true,"showMaterialUpdate":false,"showSkybox":true,"showFlares":true,"showImageEffects":true,"showParticleSystems":true,"showVisualEffectGraphs":true,"m_FxEnabled":true},"in2DMode":false,"pivot":{"x":-0.1695239394903183,"y":2.9628753662109377,"z":-4.347925186157227},"rotation":{"x":-0.00000398594875150593,"y":-0.9999912977218628,"z":-0.001190737821161747,"w":0.0032879288773983719},"size":3.489565849304199,"orthographic":false}