{"cameraMode":{"drawMode":0,"name":"Shaded","section":"Shading Mode"},"sceneLighting":true,"audioPlay":false,"sceneViewState":{"showFog":true,"showMaterialUpdate":false,"showSkybox":true,"showFlares":true,"showImageEffects":true,"showParticleSystems":true,"showVisualEffectGraphs":true,"m_FxEnabled":true},"in2DMode":false,"pivot":{"x":-0.2276291847229004,"y":2.0646839141845705,"z":0.2831838130950928},"rotation":{"x":-0.027298010885715486,"y":0.9264304637908936,"z":-0.06850412487983704,"w":-0.36916735768318179},"size":1.816795825958252,"orthographic":false}