{"cameraMode":{"drawMode":0,"name":"Shaded","section":"Shading Mode"},"sceneLighting":true,"audioPlay":false,"sceneViewState":{"showFog":true,"showMaterialUpdate":false,"showSkybox":true,"showFlares":true,"showImageEffects":true,"showParticleSystems":true,"showVisualEffectGraphs":true,"m_FxEnabled":true},"in2DMode":false,"pivot":{"x":0.03861996531486511,"y":3.3654088973999025,"z":-0.9839955568313599},"rotation":{"x":0.0016032257117331029,"y":0.9984024167060852,"z":-0.03926752135157585,"w":0.04076052084565163},"size":1.6643893718719483,"orthographic":false}