{"cameraMode":{"drawMode":0,"name":"Shaded","section":"Shading Mode"},"sceneLighting":true,"audioPlay":false,"sceneViewState":{"showFog":true,"showMaterialUpdate":false,"showSkybox":true,"showFlares":true,"showImageEffects":true,"showParticleSystems":true,"showVisualEffectGraphs":true,"m_FxEnabled":true},"in2DMode":false,"pivot":{"x":-1.4587125778198243,"y":1.886141061782837,"z":0.9697072505950928},"rotation":{"x":-0.0021846576128154995,"y":-0.9907243847846985,"z":0.13487839698791505,"w":-0.016062822192907335},"size":1.4668083190917969,"orthographic":false}