{"cameraMode":{"drawMode":0,"name":"Shaded","section":"Shading Mode"},"sceneLighting":true,"audioPlay":false,"sceneViewState":{"showFog":true,"showMaterialUpdate":false,"showSkybox":true,"showFlares":true,"showImageEffects":true,"showParticleSystems":true,"showVisualEffectGraphs":true,"m_FxEnabled":true},"in2DMode":false,"pivot":{"x":-2.0655412673950197,"y":0.38722872734069826,"z":0.6050841808319092},"rotation":{"x":-0.2491493970155716,"y":0.7018598914146423,"z":-0.29122161865234377,"w":-0.6004637479782105},"size":2.5257813930511476,"orthographic":false}