{"cameraMode":{"drawMode":0,"name":"Shaded","section":"Shading Mode"},"sceneLighting":true,"audioPlay":false,"sceneViewState":{"showFog":true,"showMaterialUpdate":false,"showSkybox":true,"showFlares":true,"showImageEffects":true,"showParticleSystems":true,"showVisualEffectGraphs":true,"m_FxEnabled":true},"in2DMode":false,"pivot":{"x":0.4284541606903076,"y":1.215255618095398,"z":0.5292375087738037},"rotation":{"x":0.019098414108157159,"y":0.7483236789703369,"z":-0.02156505361199379,"w":0.6627169251441956},"size":1.364389419555664,"orthographic":false}