{"cameraMode":{"drawMode":0,"name":"Shaded","section":"Shading Mode"},"sceneLighting":true,"audioPlay":false,"sceneViewState":{"showFog":true,"showMaterialUpdate":false,"showSkybox":true,"showFlares":true,"showImageEffects":true,"showParticleSystems":true,"showVisualEffectGraphs":true,"m_FxEnabled":true},"in2DMode":false,"pivot":{"x":0.37830498814582827,"y":1.8126952648162842,"z":-0.6032125949859619},"rotation":{"x":-0.0030091069638729097,"y":-0.964424729347229,"z":0.26412132382392886,"w":-0.010988352820277214},"size":2.3190054893493654,"orthographic":false}