{"cameraMode":{"drawMode":0,"name":"Shaded","section":"Shading Mode"},"sceneLighting":true,"audioPlay":false,"sceneViewState":{"showFog":true,"showMaterialUpdate":false,"showSkybox":true,"showFlares":true,"showImageEffects":true,"showParticleSystems":true,"showVisualEffectGraphs":true,"m_FxEnabled":true},"in2DMode":false,"pivot":{"x":4.713693141937256,"y":-0.2928135395050049,"z":0.8971343040466309},"rotation":{"x":0.13871684670448304,"y":0.7551385164260864,"z":-0.16949686408042909,"w":0.6179279088973999},"size":3.3331916332244875,"orthographic":false}