{"cameraMode":{"drawMode":0,"name":"Shaded","section":"Shading Mode"},"sceneLighting":true,"audioPlay":false,"sceneViewState":{"showFog":true,"showMaterialUpdate":false,"showSkybox":true,"showFlares":true,"showImageEffects":true,"showParticleSystems":true,"showVisualEffectGraphs":true,"m_FxEnabled":true},"in2DMode":false,"pivot":{"x":-0.19377869367599488,"y":2.1134653091430666,"z":-1.643378496170044},"rotation":{"x":0.0009097335278056562,"y":0.9963933229446411,"z":-0.08420556038618088,"w":0.010764135979115963},"size":3.5910730361938478,"orthographic":false}