{"cameraMode":{"drawMode":0,"name":"Shaded","section":"Shading Mode"},"sceneLighting":true,"audioPlay":false,"sceneViewState":{"showFog":true,"showMaterialUpdate":false,"showSkybox":true,"showFlares":true,"showImageEffects":true,"showParticleSystems":true,"showVisualEffectGraphs":true,"m_FxEnabled":true},"in2DMode":false,"pivot":{"x":-0.18553775548934937,"y":1.7440192699432374,"z":-3.143341302871704},"rotation":{"x":-0.0008732283604331315,"y":0.9986945986747742,"z":-0.018287912011146547,"w":-0.04767177999019623},"size":2.4167957305908205,"orthographic":false}