{"cameraMode":{"drawMode":0,"name":"Shaded","section":"Shading Mode"},"sceneLighting":true,"audioPlay":false,"sceneViewState":{"showFog":true,"showMaterialUpdate":false,"showSkybox":true,"showFlares":true,"showImageEffects":true,"showParticleSystems":true,"showVisualEffectGraphs":true,"m_FxEnabled":true},"in2DMode":false,"pivot":{"x":0.16798043251037599,"y":2.3449323177337648,"z":-0.385296106338501},"rotation":{"x":-0.018801584839820863,"y":0.9567919373512268,"z":-0.06353773176670075,"w":-0.28312182426452639},"size":1.643200159072876,"orthographic":false}