{"cameraMode":{"drawMode":0,"name":"Shaded","section":"Shading Mode"},"sceneLighting":true,"audioPlay":false,"sceneViewState":{"showFog":true,"showMaterialUpdate":false,"showSkybox":true,"showFlares":true,"showImageEffects":true,"showParticleSystems":true,"showVisualEffectGraphs":true,"m_FxEnabled":true},"in2DMode":false,"pivot":{"x":-1.0565093755722047,"y":1.4242833852767945,"z":0.5552616119384766},"rotation":{"x":-0.018801584839820863,"y":0.9567919373512268,"z":-0.06353773176670075,"w":-0.28312182426452639},"size":1.643200159072876,"orthographic":false}