{"cameraMode":{"drawMode":0,"name":"Shaded","section":"Shading Mode"},"sceneLighting":true,"audioPlay":false,"sceneViewState":{"showFog":true,"showMaterialUpdate":false,"showSkybox":true,"showFlares":true,"showImageEffects":true,"showParticleSystems":true,"showVisualEffectGraphs":true,"m_FxEnabled":true},"in2DMode":false,"pivot":{"x":0.9650492668151856,"y":1.507401943206787,"z":-5.556849479675293},"rotation":{"x":0.0027603779453784229,"y":-0.9929129481315613,"z":-0.02352701872587204,"w":-0.11641335487365723},"size":4.689566135406494,"orthographic":false}