{"cameraMode":{"drawMode":0,"name":"Shaded","section":"Shading Mode"},"sceneLighting":true,"audioPlay":false,"sceneViewState":{"showFog":true,"showMaterialUpdate":false,"showSkybox":true,"showFlares":true,"showImageEffects":true,"showParticleSystems":true,"showVisualEffectGraphs":true,"m_FxEnabled":true},"in2DMode":false,"pivot":{"x":1.415688157081604,"y":1.5041275024414063,"z":-1.4725100994110108},"rotation":{"x":0.005624355748295784,"y":0.994307279586792,"z":-0.08102576434612274,"w":0.06901867687702179},"size":2.391073226928711,"orthographic":false}