{"cameraMode":{"drawMode":0,"name":"Shaded","section":"Shading Mode"},"sceneLighting":true,"audioPlay":false,"sceneViewState":{"showFog":true,"showMaterialUpdate":false,"showSkybox":true,"showFlares":true,"showImageEffects":true,"showParticleSystems":true,"showVisualEffectGraphs":true,"m_FxEnabled":true},"in2DMode":false,"pivot":{"x":0.8378108739852905,"y":0.4565849304199219,"z":-3.888582706451416},"rotation":{"x":0.013749093748629094,"y":0.9827608466148377,"z":-0.16546966135501862,"w":0.08155790716409683},"size":3.6331915855407717,"orthographic":false}