{"cameraMode":{"drawMode":0,"name":"Shaded","section":"Shading Mode"},"sceneLighting":true,"audioPlay":false,"sceneViewState":{"showFog":true,"showMaterialUpdate":false,"showSkybox":true,"showFlares":true,"showImageEffects":true,"showParticleSystems":true,"showVisualEffectGraphs":true,"m_FxEnabled":true},"in2DMode":false,"pivot":{"x":0.5307235717773438,"y":4.0284624099731449,"z":2.681941270828247},"rotation":{"x":-0.024456048384308816,"y":0.9752697348594666,"z":-0.1672193855047226,"w":-0.14260908961296082},"size":1.4059255123138428,"orthographic":false}