{"cameraMode":{"drawMode":0,"name":"Shaded","section":"Shading Mode"},"sceneLighting":true,"audioPlay":false,"sceneViewState":{"showFog":true,"showMaterialUpdate":false,"showSkybox":true,"showFlares":true,"showImageEffects":true,"showParticleSystems":true,"showVisualEffectGraphs":true,"m_FxEnabled":true},"in2DMode":false,"pivot":{"x":-2.8529653549194338,"y":2.12274169921875,"z":-1.7615265846252442},"rotation":{"x":-0.015269664116203785,"y":0.8980686664581299,"z":-0.03127410262823105,"w":-0.43847593665122988},"size":3.0167956352233888,"orthographic":false}